window,lat_deg,lon_deg,plane_hae_m,peak_depth_m,peak_hae_m,peak_value
0,29.98200098,31.13456252,73.308,32.500,40.808,0.0288923
1,29.98182174,31.13430260,73.305,37.700,35.605,0.0287288
2,29.98164249,31.13404268,73.301,37.700,35.601,0.00431413
3,29.98146325,31.13378276,73.297,31.200,42.097,0.0050039
5,29.98110476,31.13326292,73.291,2.600,70.691,0.00330786
6,29.98092552,31.13300300,73.288,6.500,66.788,0.00696008
9,29.98038778,31.13222325,73.280,15.600,57.680,0.0055645
10,29.98020854,31.13196333,73.278,37.700,35.578,0.00955386
11,29.98002929,31.13170342,73.275,15.600,57.675,0.00912479
12,29.97985004,31.13144351,73.273,16.900,56.373,0.00828425
13,29.97967079,31.13118359,73.271,37.700,35.571,0.0542478
14,29.97949154,31.13092368,73.270,37.700,35.570,0.0342877
15,29.98177470,31.13476841,73.307,32.500,40.807,0.0585331
16,29.98159546,31.13450849,73.303,9.100,64.203,0.0441341
17,29.98141621,31.13424857,73.299,1.300,71.999,0.00446544
18,29.98123697,31.13398865,73.296,16.900,56.396,0.0057892
19,29.98105773,31.13372873,73.292,36.400,36.892,0.00175339
21,29.98069924,31.13320889,73.286,37.700,35.586,0.00391827
22,29.98052000,31.13294897,73.283,37.700,35.583,0.00516468
24,29.98016151,31.13242914,73.278,37.700,35.578,0.0101315
25,29.97998226,31.13216923,73.276,33.800,39.476,0.00859844
26,29.97980301,31.13190931,73.273,37.700,35.573,0.0084172
27,29.97962377,31.13164940,73.271,35.100,38.171,0.00852687
28,29.97944452,31.13138949,73.270,37.700,35.570,0.0249851
29,29.97926527,31.13112958,73.268,37.700,35.568,0.025321
30,29.98154842,31.13497431,73.305,32.500,40.805,0.0347241
31,29.98136918,31.13471438,73.301,32.500,40.801,0.0299579
32,29.98118994,31.13445446,73.298,22.100,51.198,0.00793301
33,29.98101069,31.13419454,73.294,37.700,35.594,0.00563839
34,29.98083145,31.13393462,73.291,37.700,35.591,0.00498648
35,29.98065221,31.13367470,73.288,24.700,48.588,0.0059764
36,29.98047296,31.13341478,73.284,29.900,43.384,0.00834722
37,29.98029372,31.13315487,73.282,32.500,40.782,0.00739838
38,29.98011447,31.13289495,73.279,37.700,35.579,0.00248473
39,29.97993523,31.13263503,73.276,14.300,58.976,0.0069266
40,29.97975598,31.13237512,73.274,16.900,56.374,0.0130545
41,29.97957674,31.13211521,73.272,16.900,56.372,0.0118061
42,29.97939749,31.13185529,73.270,32.500,40.770,0.00832254
43,29.97921824,31.13159538,73.268,35.100,38.168,0.0181059
44,29.97903900,31.13133547,73.266,35.100,38.166,0.0218164
45,29.98132214,31.13518019,73.304,6.500,66.804,0.00926183
46,29.98114290,31.13492027,73.300,6.500,66.800,0.00912176
47,29.98096366,31.13466035,73.296,33.800,39.496,0.00175034
48,29.98078441,31.13440043,73.293,37.700,35.593,0.00726379
49,29.98060517,31.13414051,73.289,15.600,57.689,0.00710027
50,29.98042593,31.13388059,73.286,16.900,56.386,0.0120055
51,29.98024669,31.13362067,73.283,7.800,65.483,0.00781557
52,29.98006744,31.13336076,73.280,9.100,64.180,0.00876773
53,29.97988820,31.13310084,73.277,18.200,55.077,0.00787414
54,29.97970895,31.13284093,73.275,36.400,36.875,0.00175339
55,29.97952971,31.13258101,73.273,32.500,40.773,0.0118736
56,29.97935046,31.13232110,73.270,32.500,40.770,0.0204418
57,29.97917121,31.13206119,73.268,32.500,40.768,0.0109924
58,29.97899197,31.13180127,73.266,2.600,70.666,0.0220081
59,29.97881272,31.13154136,73.265,9.100,64.165,0.0244467
62,29.98073738,31.13486624,73.295,37.700,35.595,0.00450324
63,29.98055813,31.13460632,73.291,32.500,40.791,0.00687824
64,29.98037889,31.13434640,73.288,9.100,64.188,0.0112084
65,29.98019965,31.13408648,73.285,3.900,69.385,0.00979972
66,29.98002041,31.13382656,73.282,3.900,69.382,0.00864214
67,29.97984116,31.13356665,73.279,32.500,40.779,0.00966306
68,29.97966192,31.13330673,73.276,37.700,35.576,0.0166407
69,29.97948268,31.13304682,73.274,3.900,69.374,0.0054893
70,29.97930343,31.13278690,73.271,37.700,35.571,0.00795676
71,29.97912418,31.13252699,73.269,9.100,64.169,0.0121089
72,29.97894494,31.13226708,73.267,24.700,48.567,0.0129235
73,29.97876569,31.13200717,73.265,9.100,64.165,0.0235319
74,29.97858645,31.13174726,73.263,9.100,64.163,0.020089
75,29.98086958,31.13559197,73.301,37.700,35.601,0.0142319
76,29.98069034,31.13533205,73.297,37.700,35.597,0.0142319
77,29.98051110,31.13507213,73.294,11.700,61.594,0.00690889
78,29.98033185,31.13481221,73.290,20.800,52.490,0.00793863
79,29.98015261,31.13455229,73.287,9.100,64.187,0.00977768
80,29.97997337,31.13429237,73.284,37.700,35.584,0.00802163
81,29.97979413,31.13403245,73.281,20.800,52.481,0.00461001
82,29.97961489,31.13377254,73.278,14.300,58.978,0.00754179
83,29.97943564,31.13351262,73.275,6.500,66.775,0.0140828
84,29.97925640,31.13325271,73.272,37.700,35.572,0.0121502
85,29.97907715,31.13299279,73.270,36.400,36.870,0.00175339
86,29.97889791,31.13273288,73.268,6.500,66.768,0.00870566
87,29.97871866,31.13247297,73.266,15.600,57.666,0.012719
88,29.97853942,31.13221306,73.264,37.700,35.564,0.0398469
89,29.97836017,31.13195315,73.262,37.700,35.562,0.04616
90,29.98064329,31.13579786,73.300,16.900,56.400,0.0215737
91,29.98046405,31.13553794,73.296,32.500,40.796,0.022528
92,29.98028481,31.13527801,73.293,10.400,62.893,0.00598858
93,29.98010557,31.13501809,73.289,35.100,38.189,0.00689503
94,29.97992633,31.13475818,73.286,9.100,64.186,0.00720225
95,29.97974709,31.13449826,73.283,37.700,35.583,0.0085465
96,29.97956785,31.13423834,73.279,15.600,57.679,0.0044262
97,29.97938861,31.13397842,73.277,37.700,35.577,0.0056938
98,29.97920936,31.13371851,73.274,1.300,71.974,0.00965395
99,29.97903012,31.13345859,73.271,37.700,35.571,0.0245723
100,29.97885088,31.13319868,73.269,16.900,56.369,0.0102387
102,29.97849239,31.13267886,73.265,32.500,40.765,0.0133174
103,29.97831314,31.13241895,73.263,37.700,35.563,0.0322227
104,29.97813389,31.13215904,73.261,37.700,35.561,0.0529943
105,29.98041701,31.13600374,73.299,32.500,40.799,0.0281825
106,29.98023777,31.13574382,73.295,32.500,40.795,0.0205818
107,29.98005853,31.13548390,73.292,18.200,55.092,0.00506579
108,29.97987929,31.13522398,73.288,37.700,35.588,0.010952
109,29.97970005,31.13496406,73.285,26.000,47.285,0.0068237
110,29.97952081,31.13470414,73.282,13.000,60.282,0.0066688
111,29.97934157,31.13444423,73.279,23.400,49.879,0.00760541
112,29.97916233,31.13418431,73.276,24.700,48.576,0.00309711
113,29.97898308,31.13392440,73.273,14.300,58.973,0.00577918
114,29.97880384,31.13366448,73.271,37.700,35.571,0.0103496
115,29.97862460,31.13340457,73.268,37.700,35.568,0.00288363
118,29.97808686,31.13262483,73.262,37.700,35.562,0.0869896
119,29.97790762,31.13236493,73.260,37.700,35.560,0.114527
120,29.98019073,31.13620963,73.298,32.500,40.798,0.0308062
121,29.98001149,31.13594971,73.295,32.500,40.795,0.0337281
122,29.97983225,31.13568979,73.291,18.200,55.091,0.00388701
123,29.97965301,31.13542987,73.287,24.700,48.587,0.00864483
124,29.97947377,31.13516995,73.284,29.900,43.384,0.00603421
125,29.97929453,31.13491003,73.281,32.500,40.781,0.00693706
126,29.97911529,31.13465011,73.278,37.700,35.578,0.00844837
127,29.97893605,31.13439020,73.275,3.900,69.375,0.00774228
128,29.97875681,31.13413028,73.272,11.700,61.572,0.00803714
129,29.97857756,31.13387037,73.270,15.600,57.670,0.00825873
130,29.97839832,31.13361046,73.268,15.600,57.668,0.00309488
131,29.97821908,31.13335054,73.265,2.600,70.665,0.00663202
132,29.97803983,31.13309063,73.263,10.400,62.863,0.00887993
133,29.97786059,31.13283072,73.261,37.700,35.561,0.0539711
134,29.97768134,31.13257081,73.260,37.700,35.560,0.0938636
135,29.97996445,31.13641551,73.298,32.500,40.798,0.0166452
136,29.97978521,31.13615559,73.294,15.600,57.694,0.0154728
137,29.97960597,31.13589567,73.290,37.700,35.590,0.00279096
138,29.97942673,31.13563575,73.287,9.100,64.187,0.00519858
139,29.97924749,31.13537583,73.284,9.100,64.184,0.012959
140,29.97906825,31.13511592,73.280,9.100,64.180,0.0131338
141,29.97888901,31.13485600,73.277,19.500,53.777,0.00929302
142,29.97870977,31.13459608,73.275,9.100,64.175,0.00882543
143,29.97853053,31.13433617,73.272,16.900,56.372,0.0118665
144,29.97835128,31.13407626,73.269,16.900,56.369,0.0110186
145,29.97817204,31.13381634,73.267,22.100,51.167,0.00342237
146,29.97799280,31.13355643,73.265,31.200,42.065,0.00994317
147,29.97781355,31.13329652,73.263,32.500,40.763,0.0110259
148,29.97763431,31.13303661,73.261,32.500,40.761,0.0173982
149,29.97745506,31.13277670,73.259,16.900,56.359,0.0242791
150,29.97973816,31.13662140,73.298,9.100,64.198,0.0132937
151,29.97955893,31.13636147,73.294,9.100,64.194,0.0143962
152,29.97937969,31.13610155,73.290,2.600,70.690,0.00455605
153,29.97920045,31.13584164,73.287,20.800,52.487,0.00605565
154,29.97902121,31.13558172,73.283,9.100,64.183,0.012997
155,29.97884197,31.13532180,73.280,9.100,64.180,0.015384
156,29.97866273,31.13506188,73.277,9.100,64.177,0.00935696
157,29.97848349,31.13480197,73.274,16.900,56.374,0.00776413
158,29.97830425,31.13454205,73.272,23.400,49.872,0.0101292
159,29.97812500,31.13428214,73.269,16.900,56.369,0.00175988
160,29.97794576,31.13402223,73.267,26.000,47.267,0.00531369
161,29.97776652,31.13376232,73.264,15.600,57.664,0.0139145
162,29.97758728,31.13350241,73.262,14.300,58.962,0.0119625
163,29.97740803,31.13324250,73.260,32.500,40.760,0.0199656
164,29.97722879,31.13298259,73.259,32.500,40.759,0.0204515
165,29.97951188,31.13682728,73.297,9.100,64.197,0.010876
166,29.97933264,31.13656736,73.294,1.300,71.994,0.00771786
167,29.97915341,31.13630744,73.290,36.400,36.890,0.00175339
168,29.97897417,31.13604752,73.286,33.800,39.486,0.00308545
169,29.97879493,31.13578760,73.283,28.600,44.683,0.00994904
170,29.97861569,31.13552768,73.280,32.500,40.780,0.0191512
171,29.97843645,31.13526777,73.277,32.500,40.777,0.0121153
172,29.97825721,31.13500785,73.274,29.900,43.374,0.0109916
175,29.97771948,31.13422811,73.266,15.600,57.666,0.0100755
176,29.97754024,31.13396820,73.264,16.900,56.364,0.0136458
177,29.97736100,31.13370829,73.262,32.500,40.762,0.0127075
178,29.97718175,31.13344838,73.260,37.700,35.560,0.0251218
179,29.97700251,31.13318847,73.259,37.700,35.559,0.0294623
180,29.97928560,31.13703316,73.297,2.600,70.697,0.014104
181,29.97910636,31.13677324,73.293,26.000,47.293,0.00974182
182,29.97892712,31.13651332,73.290,31.200,42.090,0.0065077
183,29.97874789,31.13625340,73.286,37.700,35.586,0.00501975
184,29.97856865,31.13599348,73.283,24.700,48.583,0.00399343
185,29.97838941,31.13573357,73.280,37.700,35.580,0.00533425
186,29.97821017,31.13547365,73.277,24.700,48.577,0.0083692
187,29.97803093,31.13521373,73.274,37.700,35.574,0.00643908
188,29.97785169,31.13495382,73.271,37.700,35.571,0.0017559
189,29.97767245,31.13469391,73.269,28.600,44.669,0.0058571
190,29.97749320,31.13443399,73.266,16.900,56.366,0.0111874
191,29.97731396,31.13417408,73.264,9.100,64.164,0.0208507
192,29.97713472,31.13391417,73.262,9.100,64.162,0.0136773
193,29.97695548,31.13365426,73.260,32.500,40.760,0.0336268
194,29.97677623,31.13339436,73.259,32.500,40.759,0.0361249
195,29.97905931,31.13723904,73.297,37.700,35.597,0.010604
196,29.97888008,31.13697912,73.294,37.700,35.594,0.00966898
202,29.97780465,31.13541962,73.274,33.800,39.474,0.00261049
203,29.97762541,31.13515970,73.271,37.700,35.571,0.00182462
204,29.97744617,31.13489979,73.269,22.100,51.169,0.00525644
205,29.97726692,31.13463988,73.266,9.100,64.166,0.0114305
206,29.97708768,31.13437997,73.264,28.600,44.664,0.0100179
207,29.97690844,31.13412006,73.262,9.100,64.162,0.0132571
208,29.97672920,31.13386015,73.260,37.700,35.560,0.085996
209,29.97654995,31.13360024,73.259,37.700,35.559,0.089421
210,29.97883303,31.13744492,73.298,32.500,40.798,0.0104029
211,29.97865379,31.13718500,73.294,1.300,71.994,0.00839295
213,29.97829532,31.13666516,73.287,37.700,35.587,0.0047771
216,29.97775760,31.13588541,73.277,37.700,35.577,0.00191089
217,29.97757836,31.13562550,73.274,1.300,71.974,0.00142615
219,29.97721988,31.13510567,73.269,32.500,40.769,0.00619541
220,29.97704064,31.13484576,73.267,1.300,71.967,0.00607264
221,29.97686140,31.13458585,73.265,23.400,49.865,0.01013
222,29.97668216,31.13432594,73.263,5.200,68.063,0.00991778
223,29.97650292,31.13406603,73.261,37.700,35.561,0.111067
224,29.97632367,31.13380612,73.259,37.700,35.559,0.100229
